{
  "evidence": {
    "logz": -3.1908337901517174,
    "logz_err": 0.02065519148162931,
    "logz_lower": -3.2011563425022644,
    "logz_upper": -3.180501151020635
  },
  "parameters": {
    "x1": {
      "mean": 0.1885586830125269,
      "std": 0.2748920705714151,
      "2.5_percentile": -0.3667554629761496,
      "97.5_percentile": 0.6987888741036061,
      "16_percentile": -0.09053689905796558,
      "84_percentile": 0.4742366258263373,
      "median": 0.19723736398487013
    },
    "x2": {
      "mean": 0.12458507769779095,
      "std": 0.2996669500137297,
      "2.5_percentile": -0.25159189545693283,
      "97.5_percentile": 1.03402222844529,
      "16_percentile": -0.0925387366874314,
      "84_percentile": 0.2892321323926659,
      "median": 0.066459036735522
    }
  },
  "diagnostics": {
    "n_samples": 3926,
    "n_effective": 2332,
    "runtime_hours": 0.044418653580877515,
    "converged": true,
    "termination_reason": "LogZ converged"
  }
}