{
  "gp_data": {
    "iterations": [
      0,
      1,
      2,
      3,
      4,
      5,
      6,
      7,
      8,
      9,
      10,
      11,
      12,
      13,
      14,
      15,
      16,
      17,
      18,
      19,
      20,
      21,
      22,
      23,
      24,
      25,
      26,
      27,
      28,
      29,
      30,
      31,
      32,
      33,
      34,
      35,
      36,
      37,
      38,
      39,
      40,
      41,
      42,
      43,
      44,
      45,
      46,
      47,
      48,
      49
    ],
    "lengthscales": [
      [
        1.1,
        1.1
      ],
      [
        1.051229424500714,
        1.051229424500714
      ],
      [
        1.0048374180359596,
        1.0048374180359596
      ],
      [
        0.9607079764250578,
        0.9607079764250578
      ],
      [
        0.9187307530779818,
        0.9187307530779818
      ],
      [
        0.8788007830714049,
        0.8788007830714049
      ],
      [
        0.8408182206817179,
        0.8408182206817179
      ],
      [
        0.8046880897187134,
        0.8046880897187134
      ],
      [
        0.7703200460356393,
        0.7703200460356393
      ],
      [
        0.7376281516217733,
        0.7376281516217733
      ],
      [
        0.7065306597126334,
        0.7065306597126334
      ],
      [
        0.6769498103804866,
        0.6769498103804866
      ],
      [
        0.6488116360940264,
        0.6488116360940264
      ],
      [
        0.622045776761016,
        0.622045776761016
      ],
      [
        0.5965853037914095,
        0.5965853037914095
      ],
      [
        0.5723665527410147,
        0.5723665527410147
      ],
      [
        0.5493289641172215,
        0.5493289641172215
      ],
      [
        0.5274149319487267,
        0.5274149319487267
      ],
      [
        0.5065696597405991,
        0.5065696597405991
      ],
      [
        0.4867410234545012,
        0.4867410234545012
      ],
      [
        0.4678794411714423,
        0.4678794411714423
      ],
      [
        0.44993774911115536,
        0.44993774911115536
      ],
      [
        0.4328710836980796,
        0.4328710836980796
      ],
      [
        0.41663676937905325,
        0.41663676937905325
      ],
      [
        0.40119421191220217,
        0.40119421191220217
      ],
      [
        0.3865047968601901,
        0.3865047968601901
      ],
      [
        0.3725317930340126,
        0.3725317930340126
      ],
      [
        0.35924026064589154,
        0.35924026064589154
      ],
      [
        0.3465969639416065,
        0.3465969639416065
      ],
      [
        0.33457028809379763,
        0.33457028809379763
      ],
      [
        0.3231301601484298,
        0.3231301601484298
      ],
      [
        0.3122479738267431,
        0.3122479738267431
      ],
      [
        0.3018965179946554,
        0.3018965179946554
      ],
      [
        0.29204990862075414,
        0.29204990862075414
      ],
      [
        0.28268352405273467,
        0.28268352405273467
      ],
      [
        0.27377394345044515,
        0.27377394345044515
      ],
      [
        0.26529888822158654,
        0.26529888822158654
      ],
      [
        0.2572371663136276,
        0.2572371663136276
      ],
      [
        0.24956861922263507,
        0.24956861922263507
      ],
      [
        0.2422740715865136,
        0.2422740715865136
      ],
      [
        0.2353352832366127,
        0.2353352832366127
      ],
      [
        0.22873490358780424,
        0.22873490358780424
      ],
      [
        0.2224564282529819,
        0.2224564282529819
      ],
      [
        0.21648415777349697,
        0.21648415777349697
      ],
      [
        0.21080315836233388,
        0.21080315836233388
      ],
      [
        0.20539922456186432,
        0.20539922456186432
      ],
      [
        0.20025884372280375,
        0.20025884372280375
      ],
      [
        0.19536916221554962,
        0.19536916221554962
      ],
      [
        0.19071795328941252,
        0.19071795328941252
      ],
      [
        0.1862935864993705,
        0.1862935864993705
      ]
    ],
    "outputscales": [
      2.0,
      2.1,
      2.2,
      2.3,
      2.4,
      2.5,
      2.6,
      2.7,
      2.8,
      2.9,
      3.0,
      3.1,
      3.2,
      3.3,
      3.4000000000000004,
      3.5,
      3.6,
      3.7,
      3.8,
      3.9000000000000004,
      4.0,
      4.1,
      4.2,
      4.300000000000001,
      4.4,
      4.5,
      4.6,
      4.7,
      4.800000000000001,
      4.9,
      5.0,
      5.1,
      5.2,
      5.300000000000001,
      5.4,
      5.5,
      5.6,
      5.7,
      5.800000000000001,
      5.9,
      6.0,
      6.1000000000000005,
      6.2,
      6.3,
      6.4,
      6.5,
      6.6000000000000005,
      6.7,
      6.800000000000001,
      6.9
    ]
  },
  "best_loglike_data": {
    "iterations": [
      0,
      1,
      2,
      3,
      4,
      5,
      6,
      7,
      8,
      9,
      10,
      11,
      12,
      13,
      14,
      15,
      16,
      17,
      18,
      19,
      20,
      21,
      22,
      23,
      24,
      25,
      26,
      27,
      28,
      29,
      30,
      31,
      32,
      33,
      34,
      35,
      36,
      37,
      38,
      39,
      40,
      41,
      42,
      43,
      44,
      45,
      46,
      47,
      48,
      49
    ],
    "best_loglike": [
      -9.94454361633753,
      -9.494910038822939,
      -8.926996788310596,
      -8.22955631667702,
      -7.7693764588835705,
      -7.147019140734323,
      -6.87187653828489,
      -6.379166793912932,
      -6.006464200630198,
      -5.713540465294528,
      -5.250070529617411,
      -5.090311663184402,
      -4.781301713694215,
      -4.666954291234967,
      -4.314671330853537,
      -4.144728279080497,
      -3.6611082088481335,
      -3.511478950745664,
      -3.256897160461835,
      -3.1739414836992306,
      -3.088988361246742,
      -2.8884761454513175,
      -2.5949639479526487,
      -2.479714376712441,
      -2.1878765642905886,
      -2.1878765642905886,
      -2.1777503153743254,
      -1.9697121343833297,
      -1.9421027741027186,
      -1.9421027741027186,
      -1.845568710198161,
      -1.6235853736040207,
      -1.5710551972247133,
      -1.5710551972247133,
      -1.4258595771554787,
      -1.417076407216739,
      -1.417076407216739,
      -1.3555099961821975,
      -1.3206503424879807,
      -1.0856158957968565,
      -1.0856158957968565,
      -1.0856158957968565,
      -0.9839202895164034,
      -0.9839202895164034,
      -0.9320253848012033,
      -0.9320253848012033,
      -0.9320253848012033,
      -0.8740681056218174,
      -0.8740681056218174,
      -0.8740681056218174
    ]
  },
  "timing_data": {
    "Initialization": 0.10467100143432617,
    "GP Training": 1.1651685237884521,
    "BO Iteration": 0.6080455780029297,
    "Nested Sampling": 0.2678873538970947,
    "Total Runtime": 2.1474480628967285
  },
  "param_evolution_data": {
    "x1": {
      "iterations": [
        0,
        1,
        2,
        3,
        4,
        5,
        6,
        7,
        8,
        9,
        10,
        11,
        12,
        13,
        14,
        15,
        16,
        17,
        18,
        19,
        20,
        21,
        22,
        23,
        24,
        25,
        26,
        27,
        28,
        29,
        30,
        31,
        32,
        33,
        34,
        35,
        36,
        37,
        38,
        39,
        40,
        41,
        42,
        43,
        44,
        45,
        46,
        47,
        48,
        49
      ],