{
  "phase_times": {
    "GP Training": 23.391040086746216,
    "Acquisition Optimization": 28.14744210243225,
    "True Objective Evaluations": 39.59319591522217,
    "Nested Sampling": 19.85025906562805,
    "MCMC Sampling": 83.91916084289551
  },
  "percentages": {
    "GP Training": 8.59238321174592,
    "Acquisition Optimization": 10.339583365152189,
    "True Objective Evaluations": 14.544026713634059,
    "Nested Sampling": 7.29172504137397,
    "MCMC Sampling": 30.82657231556239
  },
  "total_runtime": 272.2299449443817
}