{
  "evidence": {
    "logz": -524.1187416950075,
    "logz_err": 0.9372984818220402,
    "logz_lower": -524.5847186563037,
    "logz_upper": -523.6474201744817
  },
  "parameters": {
    "omch2": {
      "mean": 0.11999799576620464,
      "std": 0.0011681271258484902,
      "2.5_percentile": 0.11763725777096685,
      "97.5_percentile": 0.12219494302689761,
      "16_percentile": 0.11884346331859277,
      "84_percentile": 0.12116762140923808,
      "median": 0.12000910275188163
    },
    "ombh2": {
      "mean": 0.022369136138184396,
      "std": 0.0001419642168748876,
      "2.5_percentile": 0.02208936423087164,
      "97.5_percentile": 0.022650938792610424,
      "16_percentile": 0.02223123703029188,
      "84_percentile": 0.022511100434635854,
      "median": 0.022367006922057783
    },
    "logA": {
      "mean": 3.0430915470115294,
      "std": 0.013462165811510551,
      "2.5_percentile": 3.017620501648545,
      "97.5_percentile": 3.0711180410382615,
      "16_percentile": 3.0299875813880415,
      "84_percentile": 3.05650287721392,
      "median": 3.042611952883378
    },
    "ns": {
      "mean": 0.9648409927421587,
      "std": 0.004010689789677433,
      "2.5_percentile": 0.9572869731855885,
      "97.5_percentile": 0.9730167202397797,
      "16_percentile": 0.9608187193993316,
      "84_percentile": 0.9688511443558612,
      "median": 0.9647383541392636
    },
    "H0": {
      "mean": 67.32780180340596,
      "std": 0.5273007287281338,
      "2.5_percentile": 66.35359629225009,
      "97.5_percentile": 68.40125589616669,
      "16_percentile": 66.79691288289074,
      "84_percentile": 67.8488125659553,
      "median": 67.31257578166637
    },
    "tau": {
      "mean": 0.05428014873667767,
      "std": 0.007271170307272536,
      "2.5_percentile": 0.040598591430602904,
      "97.5_percentile": 0.06943725712703536,
      "16_percentile": 0.04706654622408664,
      "84_percentile": 0.061314731305140854,
      "median": 0.05405179459395014
    }
  },
  "diagnostics": {
    "n_samples": 12846,
    "n_effective": 3864,
    "runtime_hours": 0.06435500138335758,
    "converged": true,
    "termination_reason": "LogZ converged"
  }
}