{
  "evidence": {
    "logz": -523.9571023669644,
    "logz_err": 0.48625264368729404,
    "logz_lower": -524.1902931848937,
    "logz_upper": -523.7040405412064
  },
  "parameters": {
    "omch2": {
      "mean": 0.12008225528738463,
      "std": 0.0011688960436448733,
      "2.5_percentile": 0.11785315818180213,
      "97.5_percentile": 0.12244255710306497,
      "16_percentile": 0.11891415644299044,
      "84_percentile": 0.12124819975648034,
      "median": 0.12006328913460881
    },
    "ombh2": {
      "mean": 0.022378656350668935,
      "std": 0.0001377245786650412,
      "2.5_percentile": 0.022105945187362086,
      "97.5_percentile": 0.022643189826993475,
      "16_percentile": 0.0222393563818834,
      "84_percentile": 0.022517259201397126,
      "median": 0.022378026644454742
    },
    "logA": {
      "mean": 3.043496872568244,
      "std": 0.012729384651384092,
      "2.5_percentile": 3.0189860093223344,
      "97.5_percentile": 3.0693689876131707,
      "16_percentile": 3.0313172573146163,
      "84_percentile": 3.0558608384568173,
      "median": 3.042735306820478
    },
    "ns": {
      "mean": 0.9650484469825813,
      "std": 0.004038874464148014,
      "2.5_percentile": 0.9569351098206312,
      "97.5_percentile": 0.9729946983129742,
      "16_percentile": 0.96104202168779,
      "84_percentile": 0.9690635260294084,
      "median": 0.9650473137190653
    },
    "H0": {
      "mean": 67.31415944774916,
      "std": 0.5348825863628569,
      "2.5_percentile": 66.28594087752707,
      "97.5_percentile": 68.35232637715421,
      "16_percentile": 66.77783545272361,
      "84_percentile": 67.85341226565473,
      "median": 67.3210105227939
    },
    "tau": {
      "mean": 0.05440801492820513,
      "std": 0.006880862078887868,
      "2.5_percentile": 0.04118118904670796,
      "97.5_percentile": 0.06846261831147002,
      "16_percentile": 0.04791423631581337,
      "84_percentile": 0.0610299363980692,
      "median": 0.054068279740882394
    }
  },
  "diagnostics": {
    "n_samples": 11966,
    "n_effective": 11966,
    "runtime_hours": 0.07561942915121714,
    "converged": true,
    "termination_reason": "LogZ converged"
  }
}