{
  "phase_times": {
    "GP Training": 17.934168100357056,
    "Acquisition Optimization": 22.515981674194336,
    "True Objective Evaluations": 49.09280848503113,
    "Nested Sampling": 68.4721131324768,
    "MCMC Sampling": 23.525729179382324
  },
  "percentages": {
    "GP Training": 7.740988663079388,
    "Acquisition Optimization": 9.71865312640688,
    "True Objective Evaluations": 21.19010325958679,
    "Nested Sampling": 29.554861342302214,
    "MCMC Sampling": 10.154494027779789
  },
  "total_runtime": 231.67800498008728
}